"","fire.name","year","sdc","name.simple"
"1","az3536611193219840614_SANDERSON_1984_forestedhighsev.tif",1984,0.0146,"SANDERSON_1984"
"2","nm3302110834619850826_UNNAMED_1985_forestedhighsev.tif",1985,0.0128,"UNNAMED_1985"
"3","nm3304810841119850601_SHELLEY_1985_forestedhighsev.tif",1985,0.0287,"SHELLEY_1985"
"4","nm3340310855119850619_IRON_1985_forestedhighsev.tif",1985,0.0266,"IRON_1985"
"5","az3372210909219870615_UNNAMED_1987_forestedhighsev.tif",1987,0.0166,"UNNAMED_1987"
"6","az3444711083619870704_SLIM_1987_forestedhighsev.tif",1987,0.0101,"SLIM_1987"
"7","az3679411221919870713_WILLIS_1987_forestedhighsev.tif",1987,0.0023,"WILLIS_1987"
"8","nm3297910788419870615_ASPEN_1987_forestedhighsev.tif",1987,0.0129,"ASPEN_1987"
"9","nm3317510843719870708_UNNAMED_1987_forestedhighsev.tif",1987,0.0148,"UNNAMED_1987"
"10","nm3317910835519870612_SYCAMORE_1987_forestedhighsev.tif",1987,0.0142,"SYCAMORE_1987"
"11","nm3322910838519870613_MILLER_1987_forestedhighsev.tif",1987,0.0136,"MILLER_1987"
"12","nm3324910871619870615_HAYSTACK_1987_forestedhighsev.tif",1987,0.0282,"HAYSTACK_1987"
"13","az3136211025519880610_PEAK_1988_forestedhighsev.tif",1988,0.0101,"PEAK_1988"
"14","az3630011238619880709_DUTTON_1988_forestedhighsev.tif",1988,0.0109,"DUTTON_1988"
"15","nm3345410790219880608_UNNAMED_1988_forestedhighsev.tif",1988,0.027,"UNNAMED_1988"
"16","az3167810952819890704_SWISHELM_1989_forestedhighsev.tif",1989,0.0072,"SWISHELM_1989"
"17","az3210711021219890706_GRANITE_1989_forestedhighsev.tif",1989,0.0229,"GRANITE_1989"
"18","az3222311061819890706_CHIVA_1989_forestedhighsev.tif",1989,0.0017,"CHIVA_1989"
"19","az3272110980119890705_MARIJILDA_1989_forestedhighsev.tif",1989,0.0134,"MARIJILDA_1989"
"20","az3342710995419890706_SUMMIT_1989_forestedhighsev.tif",1989,0.0062,"SUMMIT_1989"
"21","az3461511099119890706_LAVENDER_1989_forestedhighsev.tif",1989,0.0107,"LAVENDER_1989"
"22","az3634011235419890707_MUAV_1989_forestedhighsev.tif",1989,0.0071,"MUAV_1989"
"23","nm3157010877119890616_GRAY_1989_forestedhighsev.tif",1989,0.0119,"GRAY_1989"
"24","nm3223310444419890320_DRENNAN_1989_forestedhighsev.tif",1989,0.0206,"DRENNAN_1989"
"25","nm3303310834919890615_SHELLY_1989_forestedhighsev.tif",1989,0.0067,"SHELLY_1989"
"26","nm3314910797819890616_MEASON_1989_forestedhighsev.tif",1989,0.0072,"MEASON_1989"
"27","nm3325110785319890701_DIVIDE_1989_forestedhighsev.tif",1989,0.0142,"DIVIDE_1989"
"28","nm3326310509319890419_PICACHO_1989_forestedhighsev.tif",1989,0.0164,"PICACHO_1989"
"29","az3186311049319900626_MONTOSA_1990_forestedhighsev.tif",1990,0.0043,"MONTOSA_1990"
"30","az3240411088019900524_BUSTER_1990_forestedhighsev.tif",1990,0.0287,"BUSTER_1990"
"31","az3264711040919900626_MAVERICK_1990_forestedhighsev.tif",1990,0.0085,"MAVERICK_1990"
"32","az3386710992619900630_UNNAMED_1990_forestedhighsev.tif",1990,0.0073,"UNNAMED_1990"
"33","az3438411117119900625_DUDE_1990_forestedhighsev.tif",1990,0.0038,"DUDE_1990"
"34","nm3206110470119900513_BIG_1990_forestedhighsev.tif",1990,0.0145,"BIG_1990"
"35","nm3690210483819900630_MINE_1990_forestedhighsev.tif",1990,0.009,"MINE_1990"
"36","nm3375510885119910614_HUDSON_1991_forestedhighsev.tif",1991,0.0173,"HUDSON_1991"
"37","nm3319710854219920623_GOBBLER_1992_forestedhighsev.tif",1992,0.007,"GOBBLER_1992"
"38","nm3330610838619920603_CREEL_1992_forestedhighsev.tif",1992,0.0238,"CREEL_1992"
"39","nm3331710853619920624_CUB_1992_forestedhighsev.tif",1992,0.0228,"CUB_1992"
"40","az3249511038219930615_MARKHAM_1993_forestedhighsev.tif",1993,0.0208,"MARKHAM_1993"
"41","az3634411225219930923_NORTHWEST3_1993_forestedhighsev.tif",1993,0.012,"NORTHWEST3_1993"
"42","az3647311209319930616_POINT_1993_forestedhighsev.tif",1993,0.0048,"POINT_1993"
"43","nm3292510552519930418_BURGETT_1993_forestedhighsev.tif",1993,0.01,"BURGETT_1993"
"44","nm3321410842619930514_BRUSH_1993_forestedhighsev.tif",1993,0.016,"BRUSH_1993"
"45","nm3332110782119930528_BLACKHAWK_1993_forestedhighsev.tif",1993,0.0167,"BLACKHAWK_1993"
"46","nm3337010852419930716_CLAYTON_1993_forestedhighsev.tif",1993,0.0099,"CLAYTON_1993"
"47","nm3339710852719930524_IRON_1993_forestedhighsev.tif",1993,0.0274,"IRON_1993"
"48","nm3340210819419930521_BELL_1993_forestedhighsev.tif",1993,0.0141,"BELL_1993"
"49","nm3342410785719930520_WHISKEY_1993_forestedhighsev.tif",1993,0.0112,"WHISKEY_1993"
"50","nm3360610778319930521_STONE_1993_forestedhighsev.tif",1993,0.0173,"STONE_1993"
"51","nm3589710584019930615_FRIJOLES_1993_forestedhighsev.tif",1993,0.0109,"FRIJOLES_1993"
"52","nm3594910579319930615_QUEMADO_1993_forestedhighsev.tif",1993,0.0129,"QUEMADO_1993"
"53","az3139511026919940603_MILLER_1994_forestedhighsev.tif",1994,0.0099,"MILLER_1994"
"54","az3185710927019940628_RATTLESNAKE_1994_forestedhighsev.tif",1994,0.0047,"RATTLESNAKE_1994"
"55","az3218711052219940629_RINCON_1994_forestedhighsev.tif",1994,0.0042,"RINCON_1994"
"56","az3287111018319940622_COTTONWOOD_1994_forestedhighsev.tif",1994,0.0051,"COTTONWOOD_1994"
"57","az3358210907519940423_SCANYON_1994_forestedhighsev.tif",1994,0.0186,"SCANYON_1994"
"58","az3359010952019940515_UNNAMED_1994_forestedhighsev.tif",1994,0.0277,"UNNAMED_1994"
"59","az3377411100819940629_ARMOR_1994_forestedhighsev.tif",1994,0.0068,"ARMOR_1994"
"60","az3488711391119940531_MCKENZIE_1994_forestedhighsev.tif",1994,0.0133,"MCKENZIE_1994"
"61","az3494911187819940729_LOST_1994_forestedhighsev.tif",1994,0.0039,"LOST_1994"
"62","az3497811293219940629_JUNIPER_1994_forestedhighsev.tif",1994,0.0068,"JUNIPER_1994"
"63","az3599911386219940701_TOWERS1_1994_forestedhighsev.tif",1994,0.0084,"TOWERS1_1994"
"64","nm3138610871919940612_LYNCH_1994_forestedhighsev.tif",1994,0.015,"LYNCH_1994"
"65","nm3145510893219940630_CLOVERDALE_1994_forestedhighsev.tif",1994,0.015,"CLOVERDALE_1994"
"66","nm3146710883319940611_FLATCOMPLEX_1994_forestedhighsev.tif",1994,0.0113,"FLATCOMPLEX_1994"
"67","nm3147110902319940705_MAVERICK_1994_forestedhighsev.tif",1994,0.0128,"MAVERICK_1994"
"68","nm3155510864119940625_TIMBER_1994_forestedhighsev.tif",1994,0.0124,"TIMBER_1994"
"69","nm3155610869019940612_CENTER_1994_forestedhighsev.tif",1994,0.0159,"CENTER_1994"
"70","nm3209410482419940628_GAP_1994_forestedhighsev.tif",1994,0.0073,"GAP_1994"
"71","nm3269410572119940603_BRIDGE_1994_forestedhighsev.tif",1994,0.0025,"BRIDGE_1994"
"72","nm3276910654119940720_UNNAMED_1994_forestedhighsev.tif",1994,0.0233,"UNNAMED_1994"
"73","nm3293910820919940923_GLASS_1994_forestedhighsev.tif",1994,0.0061,"GLASS_1994"
"74","nm3304410903519940525_MULE_1994_forestedhighsev.tif",1994,0.008,"MULE_1994"
"75","nm3307310659819940720_UNNAMED_1994_forestedhighsev.tif",1994,0.0234,"UNNAMED_1994"
"76","nm3309010785919940614_PIGEON_1994_forestedhighsev.tif",1994,0.0029,"PIGEON_1994"
"77","nm3312610705819940720_UNNAMED_1994_forestedhighsev.tif",1994,0.0118,"UNNAMED_1994"
"78","nm3320710540119940124_YELLOWWELL_1994_forestedhighsev.tif",1994,0.0119,"YELLOWWELL_1994"
"79","nm3358010526419940630_PONCHO_1994_forestedhighsev.tif",1994,0.0101,"PONCHO_1994"
"80","nm3361610632819940821_UNNAMED_1994_forestedhighsev.tif",1994,0.0068,"UNNAMED_1994"
"81","nm3367110746119940605_POT_1994_forestedhighsev.tif",1994,0.0067,"POT_1994"
"82","nm3373110566319940629_PATOS_1994_forestedhighsev.tif",1994,0.0054,"PATOS_1994"
"83","nm3376110616719940611_OSCURA_1994_forestedhighsev.tif",1994,0.0169,"OSCURA_1994"
"84","nm3383810759919940407_PINNACLE_1994_forestedhighsev.tif",1994,0.0133,"PINNACLE_1994"
"85","nm3385810609819940626_IRON_1994_forestedhighsev.tif",1994,0.0091,"IRON_1994"
"86","nm3395110602319940630_LOVELACE_1994_forestedhighsev.tif",1994,0.0144,"LOVELACE_1994"
"87","az3243711081519950715_SHOVEL_1995_forestedhighsev.tif",1995,0.0075,"SHOVEL_1995"
"88","az3321310992919950708_BURDETTE_1995_forestedhighsev.tif",1995,0.0143,"BURDETTE_1995"
"89","az3346310928719950627_RED_1995_forestedhighsev.tif",1995,0.0185,"RED_1995"
"90","az3353210910619950717_RHETT_1995_forestedhighsev.tif",1995,0.0106,"RHETT_1995"
"91","az3396211156519950707_BASIN_1995_forestedhighsev.tif",1995,0.0064,"BASIN_1995"
"92","az3422411078819950925_UNNAMED_1995_forestedhighsev.tif",1995,0.0171,"UNNAMED_1995"
"93","az3426911052219951015_RX_1995_forestedhighsev.tif",1995,0.0195,"RX_1995"
"94","az3480011376019950613_STOVE_1995_forestedhighsev.tif",1995,0.0174,"STOVE_1995"
"95","az3581011374919950707_LOST_1995_forestedhighsev.tif",1995,0.0074,"LOST_1995"
"96","az3599011392219950630_TOWERSII_1995_forestedhighsev.tif",1995,0.0086,"TOWERSII_1995"
"97","az3617311197619950729_MATTHES_1995_forestedhighsev.tif",1995,0.0102,"MATTHES_1995"
"98","az3660911388419950630_TASTEFULL_1995_forestedhighsev.tif",1995,0.0305,"TASTEFULL_1995"
"99","az3663611390719950730_JACOBSWELL_1995_forestedhighsev.tif",1995,0.0176,"JACOBSWELL_1995"
"100","nm3295110826119950920_QBALL_1995_forestedhighsev.tif",1995,0.0091,"QBALL_1995"
"101","nm3318410787619950627_BONNER_1995_forestedhighsev.tif",1995,0.008,"BONNER_1995"
"102","nm3323510854019950721_SPRITE_1995_forestedhighsev.tif",1995,0.0064,"SPRITE_1995"
"103","nm3336910824619950407_SOUTH_1995_forestedhighsev.tif",1995,0.0128,"SOUTH_1995"
"104","nm3369410861319950727_HB_1995_forestedhighsev.tif",1995,0.0058,"HB_1995"
"105","nm3372210743519950614_MILLIGAN_1995_forestedhighsev.tif",1995,0.0166,"MILLIGAN_1995"
"106","nm3382410787719950730_UNNAMED_1995_forestedhighsev.tif",1995,0.0108,"UNNAMED_1995"
"107","az3269010993019960424_CLARKPEAK_1996_forestedhighsev.tif",1996,0.0079,"CLARKPEAK_1996"
"108","az3368911131719960427_LONE_1996_forestedhighsev.tif",1996,0.0054,"LONE_1996"
"109","az3420811049919960424_WHITESPRG_1996_forestedhighsev.tif",1996,0.0095,"WHITESPRG_1996"
"110","az3427211029519960623_COTTONWOOD_1996_forestedhighsev.tif",1996,0.0053,"COTTONWOOD_1996"
"111","az3460711136919960621_POT_1996_forestedhighsev.tif",1996,0.0076,"POT_1996"
"112","az3522510919219960607_ALLENTOWN5_1996_forestedhighsev.tif",1996,0.0261,"ALLENTOWN5_1996"
"113","az3541611168519960620_HOCKDERFFER_1996_forestedhighsev.tif",1996,0.0038,"HOCKDERFFER_1996"
"114","az3544711175219960518_HORSESHOE_1996_forestedhighsev.tif",1996,0.005,"HORSESHOE_1996"
"115","az3607511363219960925_TWINII_1996_forestedhighsev.tif",1996,0.0134,"TWINII_1996"
"116","az3653211363619960829_UNNAMED_1996_forestedhighsev.tif",1996,0.0164,"UNNAMED_1996"
"117","az3653611241819960620_BRIDGERKNOLL_1996_forestedhighsev.tif",1996,0.0054,"BRIDGERKNOLL_1996"
"118","az3658211363919960816_ONEWAYPASS_1996_forestedhighsev.tif",1996,0.0059,"ONEWAYPASS_1996"
"119","az3663411251419960622_JUMP_1996_forestedhighsev.tif",1996,0.009,"JUMP_1996"
"120","nm3307610556319960221_ELKSPRING_1996_forestedhighsev.tif",1996,0.0071,"ELKSPRING_1996"
"121","nm3319210567219960420_CHINOWELL_1996_forestedhighsev.tif",1996,0.0149,"CHINOWELL_1996"
"122","nm3323910860319960608_LOOKOUT_1996_forestedhighsev.tif",1996,0.0069,"LOOKOUT_1996"
"123","nm3327610851819960609_LANGSTROTH_1996_forestedhighsev.tif",1996,0.0052,"LANGSTROTH_1996"
"124","nm3392010536819960613_HASPEROS_1996_forestedhighsev.tif",1996,0.0172,"HASPEROS_1996"
"125","nm3419810574419960312_PINATOSA_1996_forestedhighsev.tif",1996,0.0038,"PINATOSA_1996"
"126","nm3576910637819960425_DOME_1996_forestedhighsev.tif",1996,0.0085,"DOME_1996"
"127","nm3640310496719960506_UNNAMED_1996_forestedhighsev.tif",1996,0.0255,"UNNAMED_1996"
"128","nm3664910559119960505_HONDO_1996_forestedhighsev.tif",1996,0.0087,"HONDO_1996"
"129","nm3695410437619960427_SUGARITE_1996_forestedhighsev.tif",1996,0.0138,"SUGARITE_1996"
"130","nm3699810700819960610_ARCHULETA_1996_forestedhighsev.tif",1996,0.0056,"ARCHULETA_1996"
"131","az3307411041319970415_COPPERREEF_1997_forestedhighsev.tif",1997,0.0155,"COPPERREEF_1997"
"132","az3339811005919970715_GREEN_1997_forestedhighsev.tif",1997,0.0103,"GREEN_1997"
"133","nm3150410904019970703_MAVERICK_1997_forestedhighsev.tif",1997,0.0141,"MAVERICK_1997"
"134","nm3221610454119970319_LECHUGILLA_1997_forestedhighsev.tif",1997,0.0266,"LECHUGILLA_1997"
"135","nm3312210797419970421_ROCKY_1997_forestedhighsev.tif",1997,0.0048,"ROCKY_1997"
"136","nm3325710780119970307_UNNAMED_1997_forestedhighsev.tif",1997,0.0072,"UNNAMED_1997"
"137","nm3333210847419970427_LILLY_1997_forestedhighsev.tif",1997,0.0083,"LILLY_1997"
"138","nm3346210765019970623_IRONMT_1997_forestedhighsev.tif",1997,0.0198,"IRONMT_1997"
"139","nm3399010812119970421_HORSEMT_1997_forestedhighsev.tif",1997,0.0215,"HORSEMT_1997"
"140","nm3578610631619970629_LUMMIS_1997_forestedhighsev.tif",1997,0.015,"LUMMIS_1997"
"141","az3220011057719981008_CHIMENEA_1998_forestedhighsev.tif",1998,0.0191,"CHIMENEA_1998"
"142","az3340211009819980518_XK_1998_forestedhighsev.tif",1998,0.0216,"XK_1998"
"143","az3397110982919981008_MCKAYS_1998_forestedhighsev.tif",1998,0.0305,"MCKAYS_1998"
"144","az3405710965319980804_SOLDIERBU_1998_forestedhighsev.tif",1998,0.0176,"SOLDIERBU_1998"
"145","az3442911281119980727_UNNAMED_1998_forestedhighsev.tif",1998,0.0186,"UNNAMED_1998"
"146","az3587711307919981021_C12_1998_forestedhighsev.tif",1998,0.0277,"C12_1998"
"147","az3615011195019981013_WALHALLA2_1998_forestedhighsev.tif",1998,0.0099,"WALHALLA2_1998"
"148","az3659411356119980709_SULLIVANTK_1998_forestedhighsev.tif",1998,0.0082,"SULLIVANTK_1998"
"149","nm3251610508519980505_UNNAMED_1998_forestedhighsev.tif",1998,0.02,"UNNAMED_1998"
"150","nm3345210762319980610_IRONMT2_1998_forestedhighsev.tif",1998,0.0069,"IRONMT2_1998"
"151","nm3347910866619980928_BS_1998_forestedhighsev.tif",1998,0.0042,"BS_1998"
"152","nm3387810848419981002_WAGONTONGUE_1998_forestedhighsev.tif",1998,0.0201,"WAGONTONGUE_1998"
"153","nm3581710634319980616_UNIT29_1998_forestedhighsev.tif",1998,0.0218,"UNIT29_1998"
"154","nm3602110631719980627_OSO_1998_forestedhighsev.tif",1998,0.0047,"OSO_1998"
"155","nm3668210506219980510_BEARD_1998_forestedhighsev.tif",1998,0.0051,"BEARD_1998"
"156","az3217611066119990618_BOXCANYON_1999_forestedhighsev.tif",1999,0.0349,"BOXCANYON_1999"
"157","az3390811041019990327_FLYINGV_1999_forestedhighsev.tif",1999,0.023,"FLYINGV_1999"
"158","az3422411066119991022_CHUCKBOX_1999_forestedhighsev.tif",1999,0.0209,"CHUCKBOX_1999"
"159","az3426111039419991101_DEERSPRING_1999_forestedhighsev.tif",1999,0.0212,"DEERSPRING_1999"
"160","az3429811032719990325_HOPCOT_1999_forestedhighsev.tif",1999,0.0072,"HOPCOT_1999"
"161","az3471211113019990617_TURKEY_1999_forestedhighsev.tif",1999,0.0066,"TURKEY_1999"
"162","az3502911387419990226_MOSSBASIN_1999_forestedhighsev.tif",1999,0.0193,"MOSSBASIN_1999"
"163","az3608911361719990628_TWINCOMPL_1999_forestedhighsev.tif",1999,0.0132,"TWINCOMPL_1999"
"164","az3614011366219990624_TINCANEBIT_1999_forestedhighsev.tif",1999,0.0109,"TINCANEBIT_1999"
"165","az3622611211919991002_OUTLET_1999_forestedhighsev.tif",1999,0.0122,"OUTLET_1999"
"166","az3628711315919990604_MTEMMA_1999_forestedhighsev.tif",1999,0.0134,"MTEMMA_1999"
"167","az3662411371319990528_JUMPSPRING_1999_forestedhighsev.tif",1999,0.0111,"JUMPSPRING_1999"
"168","nm3314910571319990513_TELEPHONE_1999_forestedhighsev.tif",1999,0.0088,"TELEPHONE_1999"
"169","nm3529410764819990603_LAJARA_1999_forestedhighsev.tif",1999,0.0061,"LAJARA_1999"
"170","nm3583210676519991013_STABLE_1999_forestedhighsev.tif",1999,0.0071,"STABLE_1999"
"171","nm3593910451919990305_UNNAMED_1999_forestedhighsev.tif",1999,0.0207,"UNNAMED_1999"
"172","nm3666210705819991012_UNNAMED_1999_forestedhighsev.tif",1999,0.0136,"UNNAMED_1999"
"173","nm3675310705019991012_J5_1999_forestedhighsev.tif",1999,0.014,"J5_1999"
"174","az3140311040420000523_UNNAMED_2000_forestedhighsev.tif",2000,0.0159,"UNNAMED_2000"
"175","az3327811084420000730_PEAK_2000_forestedhighsev.tif",2000,0.0035,"PEAK_2000"
"176","az3356110932120000908_ARROW_2000_forestedhighsev.tif",2000,0.0154,"ARROW_2000"
"177","az3361310975420000429_UNNAMED_2000_forestedhighsev.tif",2000,0.0215,"UNNAMED_2000"
"178","az3380611090120000426_COONCREEK_2000_forestedhighsev.tif",2000,0.0044,"COONCREEK_2000"
"179","az3404811034520000722_RIDGE_2000_forestedhighsev.tif",2000,0.0044,"RIDGE_2000"
"180","az3541411185420000525_PUMPKIN_2000_forestedhighsev.tif",2000,0.0028,"PUMPKIN_2000"
"181","az3628811200020000510_OUTLET_2000_forestedhighsev.tif",2000,0.003,"OUTLET_2000"
"182","az3640911368420000725_RATTLESNAKE_2000_forestedhighsev.tif",2000,0.0022,"RATTLESNAKE_2000"
"183","az3696611276320000721_MOCCASIN_2000_forestedhighsev.tif",2000,0.003,"MOCCASIN_2000"
"184","nm3222910476320000429_POLKTANK_2000_forestedhighsev.tif",2000,0.0108,"POLKTANK_2000"
"185","nm3247610508220000527_UNNAMED_2000_forestedhighsev.tif",2000,0.013,"UNNAMED_2000"
"186","nm3276410560520000511_SCOTTABLE_2000_forestedhighsev.tif",2000,0.0057,"SCOTTABLE_2000"
"187","nm3315210833420000719_BLOODGOOD_2000_forestedhighsev.tif",2000,0.0053,"BLOODGOOD_2000"
"188","nm3338410559720000507_CREE_2000_forestedhighsev.tif",2000,0.0094,"CREE_2000"
"189","nm3339010794520000712_SIERRA_2000_forestedhighsev.tif",2000,0.0225,"SIERRA_2000"
"190","nm3339010808620000730_WALL_2000_forestedhighsev.tif",2000,0.0336,"WALL_2000"
"191","nm3345110797320000508_UNNAMED_2000_forestedhighsev.tif",2000,0.0199,"UNNAMED_2000"
"192","nm3359010891620000614_SALIZ_2000_forestedhighsev.tif",2000,0.004,"SALIZ_2000"
"193","nm3368610809320000605_CHANCE_2000_forestedhighsev.tif",2000,0.0138,"CHANCE_2000"
"194","nm3546410386120000519_SINGLETON_2000_forestedhighsev.tif",2000,0.0197,"SINGLETON_2000"
"195","nm3570310559420000529_VIVEASH_2000_forestedhighsev.tif",2000,0.0024,"VIVEASH_2000"
"196","nm3590710632420000505_CERROGRANDE_2000_forestedhighsev.tif",2000,0.0023,"CERROGRANDE_2000"
"197","nm3626910661020000805_PRIETA_2000_forestedhighsev.tif",2000,0.0127,"PRIETA_2000"
"198","az3210211042720010509_NORTHSTAR_2001_forestedhighsev.tif",2001,0.0249,"NORTHSTAR_2001"
"199","az3375610976320011011_TURKEYCRK_2001_forestedhighsev.tif",2001,0.0234,"TURKEYCRK_2001"
"200","az3410611003320011022_CORDUROY_2001_forestedhighsev.tif",2001,0.0234,"CORDUROY_2001"
"201","az3420411061920011012_CHUCKBOX_2001_forestedhighsev.tif",2001,0.0111,"CHUCKBOX_2001"
"202","az3431311178520010702_PINE_2001_forestedhighsev.tif",2001,0.0027,"PINE_2001"
"203","az3443411070120011024_UNNAMED_2001_forestedhighsev.tif",2001,0.0183,"UNNAMED_2001"
"204","az3453011200320010625_UNNAMED_2001_forestedhighsev.tif",2001,0.0148,"UNNAMED_2001"
"205","az3459411115720011024_UNNAMED_2001_forestedhighsev.tif",2001,0.024,"UNNAMED_2001"
"206","az3462411119620011024_UNNAMED_2001_forestedhighsev.tif",2001,0.0247,"UNNAMED_2001"
"207","az3621211197620010715_VISTA_2001_forestedhighsev.tif",2001,0.0103,"VISTA_2001"
"208","az3624811222920010829_TOWERFIRE_2001_forestedhighsev.tif",2001,0.0096,"TOWERFIRE_2001"
"209","az3633811232120010817_SWAMPRDG_2001_forestedhighsev.tif",2001,0.0163,"SWAMPRDG_2001"
"210","nm3151210879620010504_ANIMAS_2001_forestedhighsev.tif",2001,0.0186,"ANIMAS_2001"
"211","nm3258310650020010528_BENNETTMT_2001_forestedhighsev.tif",2001,0.0263,"BENNETTMT_2001"
"212","nm3340910803820010617_WHITETAIL_2001_forestedhighsev.tif",2001,0.0255,"WHITETAIL_2001"
"213","nm3345510802520010612_UNNAMED_2001_forestedhighsev.tif",2001,0.0177,"UNNAMED_2001"
"214","nm3350110795720010612_UNNAMED_2001_forestedhighsev.tif",2001,0.0121,"UNNAMED_2001"
"215","nm3353110783720010923_CEASE_2001_forestedhighsev.tif",2001,0.0255,"CEASE_2001"
"216","nm3355910852220011026_UNNAMED_2001_forestedhighsev.tif",2001,0.0208,"UNNAMED_2001"
"217","nm3420410576620010421_PINATOSA_2001_forestedhighsev.tif",2001,0.0023,"PINATOSA_2001"
"218","nm3423610617320010715_UNNAMED_2001_forestedhighsev.tif",2001,0.0062,"UNNAMED_2001"
"219","nm3618010708720010917_VALLES_2001_forestedhighsev.tif",2001,0.0076,"VALLES_2001"
"220","nm3673910499820010510_HIGHLAND_2001_forestedhighsev.tif",2001,0.0192,"HIGHLAND_2001"
"221","nm3694810496220010429_YORK_2001_forestedhighsev.tif",2001,0.0064,"YORK_2001"
"222","az3134611106720020612_WALKER_2002_forestedhighsev.tif",2002,0.0156,"WALKER_2002"
"223","az3140411031420020228_OVERSITE_2002_forestedhighsev.tif",2002,0.0095,"OVERSITE_2002"
"224","az3157711050520020429_RYAN_2002_forestedhighsev.tif",2002,0.0185,"RYAN_2002"
"225","az3242411066920020520_BULLOCK_2002_forestedhighsev.tif",2002,0.0097,"BULLOCK_2002"
"226","az3257511075620020712_ORACLE HILL_2002_forestedhighsev.tif",2002,0.014,"ORACLE HILL_2002"
"227","az3423311046320020618_RODEO_2002_forestedhighsev.tif",2002,0.0036,"RODEO_2002"
"228","az3443611128620020901_UNNAMED_2002_forestedhighsev.tif",2002,0.0079,"UNNAMED_2002"
"229","az3449811249420020515_INDIAN_2002_forestedhighsev.tif",2002,0.0044,"INDIAN_2002"
"230","az3503211203920020821_TRICK_2002_forestedhighsev.tif",2002,0.0138,"TRICK_2002"
"231","az3542111413120020220_VOCKCYN_2002_forestedhighsev.tif",2002,0.0115,"VOCKCYN_2002"
"232","az3680910910920020628_CARRIZO1_2002_forestedhighsev.tif",2002,0.007,"CARRIZO1_2002"
"233","nm3155810867420020627_WALNUT_2002_forestedhighsev.tif",2002,0.0215,"WALNUT_2002"
"234","nm3217510475620020508_UNNAMED_2002_forestedhighsev.tif",2002,0.0165,"UNNAMED_2002"
"235","nm3286810557020020508_PENASCO_2002_forestedhighsev.tif",2002,0.0046,"PENASCO_2002"
"236","nm3329110544820020323_NUMBER52_2002_forestedhighsev.tif",2002,0.0134,"NUMBER52_2002"
"237","nm3331710854920020630_CUB_2002_forestedhighsev.tif",2002,0.0037,"CUB_2002"
"238","nm3345410840820020331_MIDDLE_2002_forestedhighsev.tif",2002,0.0088,"MIDDLE_2002"
"239","nm3348410788220020812_CASTLE_2002_forestedhighsev.tif",2002,0.0169,"CASTLE_2002"
"240","nm3533210450220020602_MEADOW_2002_forestedhighsev.tif",2002,0.0098,"MEADOW_2002"
"241","nm3584910555020020615_TRAMPAS_2002_forestedhighsev.tif",2002,0.0035,"TRAMPAS_2002"
"242","nm3587710671020020826_LAKES_2002_forestedhighsev.tif",2002,0.0031,"LAKES_2002"
"243","nm3599010579320020522_BORREGO_2002_forestedhighsev.tif",2002,0.0059,"BORREGO_2002"
"244","nm3610410503320020602_CERROPELON_2002_forestedhighsev.tif",2002,0.0079,"CERROPELON_2002"
"245","nm3648110637020020611_MONTOYA_2002_forestedhighsev.tif",2002,0.0052,"MONTOYA_2002"
"246","nm3668210504720020608_PONILCOMPLEX_2002_forestedhighsev.tif",2002,0.0036,"PONILCOMPLEX_2002"
"247","nm3693410324320020601_KENTON_2002_forestedhighsev.tif",2002,0.0128,"KENTON_2002"
"248","az3223511054320030617_HELENS2_2003_forestedhighsev.tif",2003,0.0039,"HELENS2_2003"
"249","az3243311077720030617_ASPEN_2003_forestedhighsev.tif",2003,0.0053,"ASPEN_2003"
"250","az3335310908520030705_MAPLE_2003_forestedhighsev.tif",2003,0.0108,"MAPLE_2003"
"251","az3358010910320030727_UNNAMED_2003_forestedhighsev.tif",2003,0.01,"UNNAMED_2003"
"252","az3361310928420030712_STEEPLE_2003_forestedhighsev.tif",2003,0.0031,"STEEPLE_2003"
"253","az3365410922320030606_THOMAS_2003_forestedhighsev.tif",2003,0.0066,"THOMAS_2003"
"254","az3389611003320030713_KINISHBA_2003_forestedhighsev.tif",2003,0.0026,"KINISHBA_2003"
"255","az3397311111720030617_PICTURE_2003_forestedhighsev.tif",2003,0.0037,"PICTURE_2003"
"256","az3457511209320030623_UNNAMED_2003_forestedhighsev.tif",2003,0.013,"UNNAMED_2003"
"257","az3510211132820030606_MORMON_2003_forestedhighsev.tif",2003,0.0032,"MORMON_2003"
"258","az3515111135220030607_LIZARD_2003_forestedhighsev.tif",2003,0.0123,"LIZARD_2003"
"259","az3630711238320030615_POWELL_2003_forestedhighsev.tif",2003,0.0149,"POWELL_2003"
"260","az3631111220120030930_POPLAR_2003_forestedhighsev.tif",2003,0.0031,"POPLAR_2003"
"261","nm3140310896920030821_UNNAMED_2003_forestedhighsev.tif",2003,0.0204,"UNNAMED_2003"
"262","nm3299610542820030509_WALKER_2003_forestedhighsev.tif",2003,0.0042,"WALKER_2003"
"263","nm3305210803320030704_UNNAMED_2003_forestedhighsev.tif",2003,0.0183,"UNNAMED_2003"
"264","nm3312510781920030620_SECO_2003_forestedhighsev.tif",2003,0.0037,"SECO_2003"
"265","nm3320710783520030618_UNNAMED_2003_forestedhighsev.tif",2003,0.0107,"UNNAMED_2003"
"266","nm3322510843320030531_DRYLAKECOMPLEX_2003_forestedhighsev.tif",2003,0.0063,"DRYLAKECOMPLEX_2003"
"267","nm3330310875120030711_SPRUCE_2003_forestedhighsev.tif",2003,0.0092,"SPRUCE_2003"
"268","nm3332710879620030714_NABOURS_2003_forestedhighsev.tif",2003,0.0166,"NABOURS_2003"
"269","nm3338210781720030704_UNNAMED_2003_forestedhighsev.tif",2003,0.0063,"UNNAMED_2003"
"270","nm3339010873920030713_SILVER_2003_forestedhighsev.tif",2003,0.0064,"SILVER_2003"
"271","nm3341610797320030428_BOILER_2003_forestedhighsev.tif",2003,0.014,"BOILER_2003"
"272","nm3343610832420030704_UNNAMED_2003_forestedhighsev.tif",2003,0.0123,"UNNAMED_2003"
"273","nm3383210842120030712_DIVIDE_2003_forestedhighsev.tif",2003,0.0138,"DIVIDE_2003"
"274","nm3587110583120030623_CAPULIN_2003_forestedhighsev.tif",2003,0.0034,"CAPULIN_2003"
"275","nm3642410549020030704_ENCEBADO_2003_forestedhighsev.tif",2003,0.0031,"ENCEBADO_2003"
"276","az3271210988120040626_NUTALLCOMPLEX_2004_forestedhighsev.tif",2004,0.0046,"NUTALLCOMPLEX_2004"
"277","az3323010937420040520_PIGEON_2004_forestedhighsev.tif",2004,0.0156,"PIGEON_2004"
"278","az3342010937820040517_ROSE_2004_forestedhighsev.tif",2004,0.0122,"ROSE_2004"
"279","az3357010928920040517_KP_2004_forestedhighsev.tif",2004,0.0084,"KP_2004"
"280","az3387810932020040608_THREEFORKS_2004_forestedhighsev.tif",2004,0.0077,"THREEFORKS_2004"
"281","az3400111194120040814_NEW_2004_forestedhighsev.tif",2004,0.0127,"NEW_2004"
"282","az3410911149820040624_WILLOW_2004_forestedhighsev.tif",2004,0.004,"WILLOW_2004"
"283","az3442411137120040329_WEBBER_2004_forestedhighsev.tif",2004,0.0085,"WEBBER_2004"
"284","az3507111133920040622_JACKET_2004_forestedhighsev.tif",2004,0.0029,"JACKET_2004"
"285","az3508011225520040822_WILDSTEERWFU_2004_forestedhighsev.tif",2004,0.013,"WILDSTEERWFU_2004"
"286","az3591811192320040808_CAMP36WFU_2004_forestedhighsev.tif",2004,0.0147,"CAMP36WFU_2004"
"287","az3603811210020040505_LONGJIM_2004_forestedhighsev.tif",2004,0.0095,"LONGJIM_2004"
"288","az3618011199320040915_WALHALLA_2004_forestedhighsev.tif",2004,0.0082,"WALHALLA_2004"
"289","az3622611207920040823_OUTLETRX_2004_forestedhighsev.tif",2004,0.0062,"OUTLETRX_2004"
"290","az3624111202220041006_MARBLEJIMCOMPLEX_2004_forestedhighsev.tif",2004,0.0062,"MARBLEJIMCOMPLEX_2004"
"291","nm3281310864620040620_UNNAMED_2004_forestedhighsev.tif",2004,0.0196,"UNNAMED_2004"
"292","nm3311510831520040625_GRANNYWFU_2004_forestedhighsev.tif",2004,0.0058,"GRANNYWFU_2004"
"293","nm3316010826120040625_RINCONWFU_2004_forestedhighsev.tif",2004,0.0088,"RINCONWFU_2004"
"294","nm3361010535120040515_PEPPIN_2004_forestedhighsev.tif",2004,0.0075,"PEPPIN_2004"
"295","nm3425810579820040521_LOOKOUT_2004_forestedhighsev.tif",2004,0.0048,"LOOKOUT_2004"
"296","nm3519110809020040612_SEDGWICK_2004_forestedhighsev.tif",2004,0.0043,"SEDGWICK_2004"
"297","az3172411083220050707_FLORIDA_2005_forestedhighsev.tif",2005,0.0056,"FLORIDA_2005"
"298","az3191610932620050717_BARFOOT_2005_forestedhighsev.tif",2005,0.0091,"BARFOOT_2005"
"299","az3307510971120050614_PIMAGAP_2005_forestedhighsev.tif",2005,0.021,"PIMAGAP_2005"
"300","az3334311108520050717_PEACHVILLE_2005_forestedhighsev.tif",2005,0.0072,"PEACHVILLE_2005"
"301","az3345111107320050717_MILESWFU_2005_forestedhighsev.tif",2005,0.0092,"MILESWFU_2005"
"302","az3349911024320050821_ROCKYTANK_2005_forestedhighsev.tif",2005,0.0146,"ROCKYTANK_2005"
"303","az3379211140020050716_EDGECOMPLEX_2005_forestedhighsev.tif",2005,0.0038,"EDGECOMPLEX_2005"
"304","az3393311135020050716_OAK_2005_forestedhighsev.tif",2005,0.0118,"OAK_2005"
"305","az3417211212120050620_SUNSETPOINT_2005_forestedhighsev.tif",2005,0.0215,"SUNSETPOINT_2005"
"306","az3424311187720050621_CAVECREEKCOMPLEX_2005_forestedhighsev.tif",2005,0.0117,"CAVECREEKCOMPLEX_2005"
"307","az3464111299420050717_SHRANCHCOMPLEX_2005_forestedhighsev.tif",2005,0.0089,"SHRANCHCOMPLEX_2005"
"308","az3561610920720051017_OAKRIDGE_2005_forestedhighsev.tif",2005,0.0211,"OAKRIDGE_2005"
"309","az3572410919820050712_KINLICHEE_2005_forestedhighsev.tif",2005,0.026,"KINLICHEE_2005"
"310","az3577611358920050623_HINDU_2005_forestedhighsev.tif",2005,0.0261,"HINDU_2005"
"311","az3583311375120050719_CLAYTANK_2005_forestedhighsev.tif",2005,0.0127,"CLAYTANK_2005"
"312","az3584711192920050623_MUDERSBACHWFU_2005_forestedhighsev.tif",2005,0.0058,"MUDERSBACHWFU_2005"
"313","az3590411195920050626_NORTHSKINNERWFU_2005_forestedhighsev.tif",2005,0.0239,"NORTHSKINNERWFU_2005"
"314","az3590911384720050720_JEFF_2005_forestedhighsev.tif",2005,0.009,"JEFF_2005"
"315","az3602211207920051002_LONGJIM1RX_2005_forestedhighsev.tif",2005,0.021,"LONGJIM1RX_2005"
"316","az3603211215420050524_TOPEKARX_2005_forestedhighsev.tif",2005,0.0233,"TOPEKARX_2005"
"317","az3614711195120051001_WALHALLACAPEROYALRX_2005_forestedhighsev.tif",2005,0.0161,"WALHALLACAPEROYALRX_2005"
"318","az3621111211120050626_DRAGONCOMPLEXWFU_2005_forestedhighsev.tif",2005,0.0113,"DRAGONCOMPLEXWFU_2005"
"319","az3624111311920050611_TUWEEPWFU_2005_forestedhighsev.tif",2005,0.0179,"TUWEEPWFU_2005"
"320","az3632311378720050719_TANKCOMPLEX_2005_forestedhighsev.tif",2005,0.009,"TANKCOMPLEX_2005"
"321","az3647611372120050623_LASTCHANCE_2005_forestedhighsev.tif",2005,0.0075,"LASTCHANCE_2005"
"322","az3658411371220050630_TWEEDYPOINT_2005_forestedhighsev.tif",2005,0.0094,"TWEEDYPOINT_2005"
"323","az3659011384920050721_COW_2005_forestedhighsev.tif",2005,0.0104,"COW_2005"
"324","az3670211395220050624_MTBANGSCOMPLEX_2005_forestedhighsev.tif",2005,0.0106,"MTBANGSCOMPLEX_2005"
"325","az3674211345720050720_TWIST_2005_forestedhighsev.tif",2005,0.0165,"TWIST_2005"
"326","az3695411214620050630_BUZZARD_2005_forestedhighsev.tif",2005,0.0028,"BUZZARD_2005"
"327","nm3341310817620050528_BLACKRANGECOMPLEXWFU_2005_forestedhighsev.tif",2005,0.0075,"BLACKRANGECOMPLEXWFU_2005"
"328","nm3364710851120050529_FORKWFU_2005_forestedhighsev.tif",2005,0.0139,"FORKWFU_2005"
"329","nm3365310869120050820_MOUNTAIN_2005_forestedhighsev.tif",2005,0.0202,"MOUNTAIN_2005"
"330","nm3402310883520050612_JOHNSONWFU_2005_forestedhighsev.tif",2005,0.0112,"JOHNSONWFU_2005"
"331","nm3564010468820051201_MAES_2005_forestedhighsev.tif",2005,0.0192,"MAES_2005"
"332","nm3597510883220051022_LITTLEWATER1_2005_forestedhighsev.tif",2005,0.0208,"LITTLEWATER1_2005"
"333","nm3617710895220050828_HOOKLAKE_2005_forestedhighsev.tif",2005,0.0193,"HOOKLAKE_2005"
"334","nm3635610626420050917_PINECANYON_2005_forestedhighsev.tif",2005,0.0039,"PINECANYON_2005"
"335","az3182410934020060113_JOHNSONPEAK_2006_forestedhighsev.tif",2006,0.0128,"JOHNSONPEAK_2006"
"336","az3368810924320060615_BEAVERHEAD_2006_forestedhighsev.tif",2006,0.0093,"BEAVERHEAD_2006"
"337","az3394311122720060629_HACKBERRY_2006_forestedhighsev.tif",2006,0.0149,"HACKBERRY_2006"
"338","az3409711234020060629_ROCKHILL_2006_forestedhighsev.tif",2006,0.0138,"ROCKHILL_2006"
"339","az3440311133420060205_FEBRUARY_2006_forestedhighsev.tif",2006,0.0108,"FEBRUARY_2006"
"340","az3454711071420060608_UNNAMED_2006_forestedhighsev.tif",2006,0.0044,"UNNAMED_2006"
"341","az3458811086720060422_SAND_2006_forestedhighsev.tif",2006,0.0111,"SAND_2006"
"342","az3458811086720060522_ENCINO_2006_forestedhighsev.tif",2006,0.0111,"ENCINO_2006"
"343","az3492011175820060618_BRINSFIRE_2006_forestedhighsev.tif",2006,0.0129,"BRINSFIRE_2006"
"344","az3570510940520060606_KINLICHEE2_2006_forestedhighsev.tif",2006,0.0049,"KINLICHEE2_2006"
"345","az3592111197820060608_WESTWFU_2006_forestedhighsev.tif",2006,0.0217,"WESTWFU_2006"
"346","az3640511377720060701_BIRTHDAY_2006_forestedhighsev.tif",2006,0.0137,"BIRTHDAY_2006"
"347","az3662511217320060608_WARM_2006_forestedhighsev.tif",2006,0.0026,"WARM_2006"
"348","az3667211403020060719_KILNCOMPLEX_2006_forestedhighsev.tif",2006,0.0188,"KILNCOMPLEX_2006"
"349","az3669611390020060901_CULL_2006_forestedhighsev.tif",2006,0.0154,"CULL_2006"
"350","az3673411381920060724_UNNAMED_2006_forestedhighsev.tif",2006,0.0155,"UNNAMED_2006"
"351","nm3146110873120060621_EICKSDRAW_2006_forestedhighsev.tif",2006,0.0251,"EICKSDRAW_2006"
"352","nm3161010876620060518_ADOBE_2006_forestedhighsev.tif",2006,0.0069,"ADOBE_2006"
"353","nm3299510817920060602_SKATES_2006_forestedhighsev.tif",2006,0.0071,"SKATES_2006"
"354","nm3322510529920060404_REDLAKE_2006_forestedhighsev.tif",2006,0.0215,"REDLAKE_2006"
"355","nm3332010892920060606_BRUSHY_2006_forestedhighsev.tif",2006,0.0154,"BRUSHY_2006"
"356","nm3342710857420060619_BEAR_2006_forestedhighsev.tif",2006,0.0053,"BEAR_2006"
"357","nm3346710798220060501_UNNAMED_2006_forestedhighsev.tif",2006,0.0287,"UNNAMED_2006"
"358","nm3363410885120060606_MARTINEZ_2006_forestedhighsev.tif",2006,0.009,"MARTINEZ_2006"
"359","nm3385210873820060617_UNNAMED_2006_forestedhighsev.tif",2006,0.0092,"UNNAMED_2006"
"360","nm3610510513020060412_OJOFELIZ_2006_forestedhighsev.tif",2006,0.0096,"OJOFELIZ_2006"
"361","nm3621110689420060624_BEARPAW_2006_forestedhighsev.tif",2006,0.006,"BEARPAW_2006"
"362","nm3626710493820060616_RIVERAMESA_2006_forestedhighsev.tif",2006,0.0095,"RIVERAMESA_2006"
"363","nm3640710489520060301_CASA_2006_forestedhighsev.tif",2006,0.026,"CASA_2006"
"364","az3136511064720070514_SANANTONIO_2007_forestedhighsev.tif",2007,0.0124,"SANANTONIO_2007"
"365","az3189611160020070707_ALAMBRE_2007_forestedhighsev.tif",2007,0.0083,"ALAMBRE_2007"
"366","az3337010926020070702_SQUAW_2007_forestedhighsev.tif",2007,0.0164,"SQUAW_2007"
"367","az3355910935720070630_CHITTY_2007_forestedhighsev.tif",2007,0.0076,"CHITTY_2007"
"368","az3435111101420070513_PROMONTORY_2007_forestedhighsev.tif",2007,0.0096,"PROMONTORY_2007"
"369","az3454811103920070912_WILKINS_2007_forestedhighsev.tif",2007,0.0163,"WILKINS_2007"
"370","az3489211154620070706_BIRDIE_2007_forestedhighsev.tif",2007,0.0074,"BIRDIE_2007"
"371","az3553310941120070703_OAKRIDGE3_2007_forestedhighsev.tif",2007,0.0019,"OAKRIDGE3_2007"
"372","az3600511208220070824_GRANDVIEW_2007_forestedhighsev.tif",2007,0.0336,"GRANDVIEW_2007"
"373","az3618111195420070719_ROOSEVELTWFU_2007_forestedhighsev.tif",2007,0.0056,"ROOSEVELTWFU_2007"
"374","az3623511201120071019_UNCLEJIMRX_2007_forestedhighsev.tif",2007,0.0128,"UNCLEJIMRX_2007"
"375","az3634511226920071019_NORTHWESTRX_2007_forestedhighsev.tif",2007,0.0236,"NORTHWESTRX_2007"
"376","az3663911248120070705_SLIDE_2007_forestedhighsev.tif",2007,0.008,"SLIDE_2007"
"377","az3679411373720070705_BLACKROCKGULCH_2007_forestedhighsev.tif",2007,0.0083,"BLACKROCKGULCH_2007"
"378","az3691611372820070718_RADIO_2007_forestedhighsev.tif",2007,0.0134,"RADIO_2007"
"379","nm3309410769720070617_GRANITEWFU_2007_forestedhighsev.tif",2007,0.0282,"GRANITEWFU_2007"
"380","nm3312210805620070603_LOCOWFU_2007_forestedhighsev.tif",2007,0.0097,"LOCOWFU_2007"
"381","nm3329410834620070622_WOODLAND_2007_forestedhighsev.tif",2007,0.0098,"WOODLAND_2007"
"382","nm3355710845420070622_HLWFU_2007_forestedhighsev.tif",2007,0.0063,"HLWFU_2007"
"383","nm3384910845120070912_PATTERSON_2007_forestedhighsev.tif",2007,0.0207,"PATTERSON_2007"
"384","nm3459310641120071118_OJOPEAK_2007_forestedhighsev.tif",2007,0.0036,"OJOPEAK_2007"
"385","nm3630710401420070216_FARLEY_2007_forestedhighsev.tif",2007,0.0197,"FARLEY_2007"
"386","az3157211114320080623_WHITETANK_2008_forestedhighsev.tif",2008,0.0228,"WHITETANK_2008"
"387","az3174410915220080623_JACKWOODWFU_2008_forestedhighsev.tif",2008,0.0165,"JACKWOODWFU_2008"
"388","az3207011051220080621_DISTILLERY_2008_forestedhighsev.tif",2008,0.014,"DISTILLERY_2008"
"389","az3274610982720080520_FRYEMESA_2008_forestedhighsev.tif",2008,0.0213,"FRYEMESA_2008"
"390","az3346810936720080622_HOTAIR_2008_forestedhighsev.tif",2008,0.0125,"HOTAIR_2008"
"391","az3351410936120080422_EAGLE_2008_forestedhighsev.tif",2008,0.0176,"EAGLE_2008"
"392","az3418511231120080628_LANE2_2008_forestedhighsev.tif",2008,0.0038,"LANE2_2008"
"393","az3542411201620080805_MARTEENWFU_2008_forestedhighsev.tif",2008,0.0085,"MARTEENWFU_2008"
"394","az3587211195920080506_TWENTYTWOWFU_2008_forestedhighsev.tif",2008,0.0065,"TWENTYTWOWFU_2008"
"395","az3594611209020080429_XFIRE_2008_forestedhighsev.tif",2008,0.0058,"XFIRE_2008"
"396","nm3231910658620080614_DRIPPINGSPRINGS_2008_forestedhighsev.tif",2008,0.0247,"DRIPPINGSPRINGS_2008"
"397","nm3244310489320080618_ROCKY_2008_forestedhighsev.tif",2008,0.0107,"ROCKY_2008"
"398","nm3314010570120080501_SOUTHTULAROSA_2008_forestedhighsev.tif",2008,0.0108,"SOUTHTULAROSA_2008"
"399","nm3323010550020080604_ROGERSPASTURE_2008_forestedhighsev.tif",2008,0.0171,"ROGERSPASTURE_2008"
"400","nm3444210707520080530_LADRONERX_2008_forestedhighsev.tif",2008,0.0137,"LADRONERX_2008"
"401","nm3459410641220080201_UNNAMED_2008_forestedhighsev.tif",2008,0.009,"UNNAMED_2008"
"402","nm3468610638420080415_TRIGO_2008_forestedhighsev.tif",2008,0.0049,"TRIGO_2008"
"403","nm3476310635520080623_BIGSPRING_2008_forestedhighsev.tif",2008,0.005,"BIGSPRING_2008"
"404","nm3494710535420080624_UNNAMED_2008_forestedhighsev.tif",2008,0.0109,"UNNAMED_2008"
"405","nm3686510484320080619_WESTFORK_2008_forestedhighsev.tif",2008,0.0056,"WESTFORK_2008"
"406","az3153610909020090301_HOG_2009_forestedhighsev.tif",2009,0.0201,"HOG_2009"
"407","az3176611155820090611_ELKHORN_2009_forestedhighsev.tif",2009,0.0143,"ELKHORN_2009"
"408","az3234511064520090711_GUTHRIE_2009_forestedhighsev.tif",2009,0.0099,"GUTHRIE_2009"
"409","az3240311027720090505_MULESHOE_2009_forestedhighsev.tif",2009,0.015,"MULESHOE_2009"
"410","az3329111078320090530_PIONEER_2009_forestedhighsev.tif",2009,0.0149,"PIONEER_2009"
"411","az3355811022720090714_BEARCANYON_2009_forestedhighsev.tif",2009,0.0081,"BEARCANYON_2009"
"412","az3363010947320090907_RENO_2009_forestedhighsev.tif",2009,0.0129,"RENO_2009"
"413","az3391411140820091008_MOUNTORD_2009_forestedhighsev.tif",2009,0.0127,"MOUNTORD_2009"
"414","az3396711091020090705_BOARD_2009_forestedhighsev.tif",2009,0.0167,"BOARD_2009"
"415","az3443311124220090720_RIM_2009_forestedhighsev.tif",2009,0.0119,"RIM_2009"
"416","az3444811094120090807_CHEVLONCOMPLEXCROSSING_2009_forestedhighsev.tif",2009,0.0078,"CHEVLONCOMPLEXCROSSING_2009"
"417","az3449511134920090705_INDEPENDENCE_2009_forestedhighsev.tif",2009,0.0146,"INDEPENDENCE_2009"
"418","az3450711077720090806_CHEVLONCOMPLEXWEIMER_2009_forestedhighsev.tif",2009,0.0035,"CHEVLONCOMPLEXWEIMER_2009"
"419","az3450911122620090704_FOURTHOFJULYCOMPLEX_2009_forestedhighsev.tif",2009,0.0161,"FOURTHOFJULYCOMPLEX_2009"
"420","az3468611146220090720_BRADY_2009_forestedhighsev.tif",2009,0.0338,"BRADY_2009"
"421","az3483711146220090723_RAPTOR_2009_forestedhighsev.tif",2009,0.0277,"RAPTOR_2009"
"422","az3489211154720090601_REAL_2009_forestedhighsev.tif",2009,0.0101,"REAL_2009"
"423","az3501611190220090816_TAYLOR_2009_forestedhighsev.tif",2009,0.0027,"TAYLOR_2009"
"424","az3506011210720090701_CROSS_2009_forestedhighsev.tif",2009,0.0233,"CROSS_2009"
"425","az3521611224320091002_TWIN_2009_forestedhighsev.tif",2009,0.0055,"TWIN_2009"
"426","az3547411189620090720_WILDHORSECOMPLEX_2009_forestedhighsev.tif",2009,0.0116,"WILDHORSECOMPLEX_2009"
"427","az3584010921420090622_SAWMILLROADRX_2009_forestedhighsev.tif",2009,0.0441,"SAWMILLROADRX_2009"
"428","az3586611185920090728_ANDERSON_2009_forestedhighsev.tif",2009,0.0081,"ANDERSON_2009"
"429","az3589511204420090723_MILLER_2009_forestedhighsev.tif",2009,0.0124,"MILLER_2009"
"430","az3593111209020090723_RAE_2009_forestedhighsev.tif",2009,0.0139,"RAE_2009"
"431","az3594711200820090526_RUBYCOMPLEX_2009_forestedhighsev.tif",2009,0.0126,"RUBYCOMPLEX_2009"
"432","az3620911198220090729_ASPEN_2009_forestedhighsev.tif",2009,0.0062,"ASPEN_2009"
"433","nm3138510881120090610_PASCO_2009_forestedhighsev.tif",2009,0.0106,"PASCO_2009"
"434","nm3158910901520090530_SKELETON_2009_forestedhighsev.tif",2009,0.0092,"SKELETON_2009"
"435","nm3160110895620090504_IRISHMAN_2009_forestedhighsev.tif",2009,0.0092,"IRISHMAN_2009"
"436","nm3270310503120090423_FOURMILE_2009_forestedhighsev.tif",2009,0.0239,"FOURMILE_2009"
"437","nm3294710505220090304_PICACHO_2009_forestedhighsev.tif",2009,0.0267,"PICACHO_2009"
"438","nm3295410721920090501_TIMBERMOUNTAINLC_2009_forestedhighsev.tif",2009,0.0138,"TIMBERMOUNTAINLC_2009"
"439","nm3315110800320090601_MEASON_2009_forestedhighsev.tif",2009,0.0113,"MEASON_2009"
"440","nm3321010805920090711_MOORE_2009_forestedhighsev.tif",2009,0.028,"MOORE_2009"
"441","nm3325910796720090528_DIAMOND_2009_forestedhighsev.tif",2009,0.01,"DIAMOND_2009"
"442","nm3340210515120090615_FRESQUEZ2_2009_forestedhighsev.tif",2009,0.0143,"FRESQUEZ2_2009"
"443","nm3374210844120090719_MORAGA_2009_forestedhighsev.tif",2009,0.0111,"MORAGA_2009"
"444","nm3377010850120090530_WILLOW_2009_forestedhighsev.tif",2009,0.0058,"WILLOW_2009"
"445","nm3382110546320090515_VISTA_2009_forestedhighsev.tif",2009,0.0243,"VISTA_2009"
"446","nm3385610624320090608_UPPERTAYLORRX_2009_forestedhighsev.tif",2009,0.009,"UPPERTAYLORRX_2009"
"447","nm3387010614120090606_MESA_2009_forestedhighsev.tif",2009,0.0152,"MESA_2009"
"448","nm3396910709620090420_EASTMAGDALENARX_2009_forestedhighsev.tif",2009,0.011,"EASTMAGDALENARX_2009"
"449","nm3574610634920090702_SANMIGUEL_2009_forestedhighsev.tif",2009,0.0096,"SANMIGUEL_2009"
"450","az3177410936420100624_BRUSHY_2010_forestedhighsev.tif",2010,0.0173,"BRUSHY_2010"
"451","az3183610919520100526_HORSESHOE_2010_forestedhighsev.tif",2010,0.0208,"HORSESHOE_2010"
"452","az3362810924420100607_PARADISE_2010_forestedhighsev.tif",2010,0.0057,"PARADISE_2010"
"453","az3451611125220100821_RANGERCOMPLEXBRAVO_2010_forestedhighsev.tif",2010,0.0277,"RANGERCOMPLEXBRAVO_2010"
"454","az3455611124520100717_RANGERCOMPLEX_2010_forestedhighsev.tif",2010,0.013,"RANGERCOMPLEX_2010"
"455","az3532911160120100620_SCHULTZ_2010_forestedhighsev.tif",2010,0.0019,"SCHULTZ_2010"
"456","az3536511197420100616_EAGLEROCK_2010_forestedhighsev.tif",2010,0.0041,"EAGLEROCK_2010"
"457","az3549811200420100830_HOBBLE_2010_forestedhighsev.tif",2010,0.0081,"HOBBLE_2010"
"458","az3633611232020100625_SAFFRON_2010_forestedhighsev.tif",2010,0.0077,"SAFFRON_2010"
"459","az3669911364820100808_MUSTANG_2010_forestedhighsev.tif",2010,0.0092,"MUSTANG_2010"
"460","nm3213310458320100516_CAVEWFINCIDENTS_2010_forestedhighsev.tif",2010,0.0169,"CAVEWFINCIDENTS_2010"
"461","nm3314210797620100606_ASPEN_2010_forestedhighsev.tif",2010,0.0095,"ASPEN_2010"
"462","nm3345810511220100623_DEADMAN_2010_forestedhighsev.tif",2010,0.0192,"DEADMAN_2010"
"463","nm3387910755220100615_FISHERRX_2010_forestedhighsev.tif",2010,0.0076,"FISHERRX_2010"
"464","nm3577510672020101009_VIRGINCANYON_2010_forestedhighsev.tif",2010,0.0157,"VIRGINCANYON_2010"
"465","nm3586210676620100601_RIO_2010_forestedhighsev.tif",2010,0.0063,"RIO_2010"
"466","nm3606710641620100610_SOUTHFORK_2010_forestedhighsev.tif",2010,0.0051,"SOUTHFORK_2010"
"467","nm3696310515520100523_H12_2010_forestedhighsev.tif",2010,0.0082,"H12_2010"
"468","az3133911054620110523_ARLENE_2011_forestedhighsev.tif",2011,0.0257,"ARLENE_2011"
"469","az3134011074320110214_DUQUESNE_2011_forestedhighsev.tif",2011,0.0149,"DUQUESNE_2011"
"470","az3154111115820110530_MURPHYCOMPLEX_2011_forestedhighsev.tif",2011,0.0232,"MURPHYCOMPLEX_2011"
"471","az3155211041720110612_MONUMENT_2011_forestedhighsev.tif",2011,0.002,"MONUMENT_2011"
"472","az3182010921120110508_HORSESHOE2_2011_forestedhighsev.tif",2011,0.0111,"HORSESHOE2_2011"
"473","az3307311037720110626_STANLEY_2011_forestedhighsev.tif",2011,0.0234,"STANLEY_2011"
"474","az3331811087020110817_FRIO_2011_forestedhighsev.tif",2011,0.015,"FRIO_2011"
"475","az3360210944920110529_WALLOWB_2011_forestedhighsev.tif",2011,0.0066,"WALLOWB_2011"
"476","az3360210944920110529_WALLOWT_2011_forestedhighsev.tif",2011,0.0071,"WALLOWT_2011"
"477","az3383511101020110820_TANNER_2011_forestedhighsev.tif",2011,0.0108,"TANNER_2011"
"478","az3418911085320110801_BLUFF_2011_forestedhighsev.tif",2011,0.0185,"BLUFF_2011"
"479","az3446711047420110623_WASH_2011_forestedhighsev.tif",2011,0.0204,"WASH_2011"
"480","az3580711193420110820_ARMSTRONG_2011_forestedhighsev.tif",2011,0.0205,"ARMSTRONG_2011"
"481","az3585011202320110704_PARALLEL_2011_forestedhighsev.tif",2011,0.0066,"PARALLEL_2011"
"482","az3599011395020110803_NEWWATER_2011_forestedhighsev.tif",2011,0.0237,"NEWWATER_2011"
"483","az3621711223520110704_POINT_2011_forestedhighsev.tif",2011,0.012,"POINT_2011"
"484","nm3133610881020110330_TRUCKSTOP_2011_forestedhighsev.tif",2011,0.0094,"TRUCKSTOP_2011"
"485","nm3158510868020110731_PARK_2011_forestedhighsev.tif",2011,0.0206,"PARK_2011"
"486","nm3202810492620110224_DOGCANYON_2011_forestedhighsev.tif",2011,0.0253,"DOGCANYON_2011"
"487","nm3218910476820110510_QUEEN_2011_forestedhighsev.tif",2011,0.0073,"QUEEN_2011"
"488","nm3223310475220110424_LASTCHANCE_2011_forestedhighsev.tif",2011,0.0162,"LASTCHANCE_2011"
"489","nm3234910450720110807_TOMSCANYON_2011_forestedhighsev.tif",2011,0.0195,"TOMSCANYON_2011"
"490","nm3240310490220110720_ACREY_2011_forestedhighsev.tif",2011,0.017,"ACREY_2011"
"491","nm3257210553420110603_GAGE_2011_forestedhighsev.tif",2011,0.0189,"GAGE_2011"
"492","nm3258910518820110602_WELLS_2011_forestedhighsev.tif",2011,0.0193,"WELLS_2011"
"493","nm3287010548020110509_MAYHILL_2011_forestedhighsev.tif",2011,0.0105,"MAYHILL_2011"
"494","nm3307110526320110802_LINCOLNCANYONCOMPLEX_2011_forestedhighsev.tif",2011,0.019,"LINCOLNCANYONCOMPLEX_2011"
"495","nm3314410836920110428_MILLER_2011_forestedhighsev.tif",2011,0.0118,"MILLER_2011"
"496","nm3317110540120110628_NUMBER3_2011_forestedhighsev.tif",2011,0.0227,"NUMBER3_2011"
"497","nm3329610850520110711_JACKCOMPLEX_2011_forestedhighsev.tif",2011,0.0158,"JACKCOMPLEX_2011"
"498","nm3330110523720110628_DONALDSON_2011_forestedhighsev.tif",2011,0.0129,"DONALDSON_2011"
"499","nm3333310563620110403_WHITE_2011_forestedhighsev.tif",2011,0.0114,"WHITE_2011"
"500","nm3342610506820110601_RIVERSIDE_2011_forestedhighsev.tif",2011,0.0333,"RIVERSIDE_2011"
"501","nm3485810491220110401_BRUSH_2011_forestedhighsev.tif",2011,0.0243,"BRUSH_2011"
"502","nm3499910519320110507_MILAGRO_2011_forestedhighsev.tif",2011,0.0135,"MILAGRO_2011"
"503","nm3572810657220110817_GUACAMALLA_2011_forestedhighsev.tif",2011,0.0091,"GUACAMALLA_2011"
"504","nm3581210583720110618_PACHECO_2011_forestedhighsev.tif",2011,0.0048,"PACHECO_2011"
"505","nm3581210654120110626_LASCONCHAS_2011_forestedhighsev.tif",2011,0.0038,"LASCONCHAS_2011"
"506","nm3651510314920110409_RABBITEAR_2011_forestedhighsev.tif",2011,0.007,"RABBITEAR_2011"
"507","nm3692010445620110612_TRACK_2011_forestedhighsev.tif",2011,0.0067,"TRACK_2011"
"508","az3178311160920120530_MONTEZUMA_2012_forestedhighsev.tif",2012,0.0103,"MONTEZUMA_2012"
"509","az3389711114620120808_MISTAKEPEAK_2012_forestedhighsev.tif",2012,0.003,"MISTAKEPEAK_2012"
"510","az3393111147420120512_SUNFLOWER_2012_forestedhighsev.tif",2012,0.0245,"SUNFLOWER_2012"
"511","az3415011088320120614_POCO_2012_forestedhighsev.tif",2012,0.0099,"POCO_2012"
"512","az3421511233820120513_GLADIATOR_2012_forestedhighsev.tif",2012,0.0082,"GLADIATOR_2012"
"513","az3471811113020120629_CANYON_2012_forestedhighsev.tif",2012,0.0035,"CANYON_2012"
"514","az3572811381120120627_BLACKCANYON_2012_forestedhighsev.tif",2012,0.0054,"BLACKCANYON_2012"
"515","az3620311378020120711_PLATEAU_2012_forestedhighsev.tif",2012,0.0161,"PLATEAU_2012"
"516","az3633311376620120813_PIGEONCANYON_2012_forestedhighsev.tif",2012,0.0118,"PIGEONCANYON_2012"
"517","az3660111368320120711_HOBBLECOMPLEX_2012_forestedhighsev.tif",2012,0.0099,"HOBBLECOMPLEX_2012"
"518","nm3326710859220120509_WHITEWATERBALDY_2012_forestedhighsev.tif",2012,0.0029,"WHITEWATERBALDY_2012"
"519","nm3341910582920120604_LITTLEBEAR_2012_forestedhighsev.tif",2012,0.0026,"LITTLEBEAR_2012"
"520","nm3381410620220120322_LOWERTAYLORRXLP11_2012_forestedhighsev.tif",2012,0.0227,"LOWERTAYLORRXLP11_2012"
"521","az3143511076720130517_SOLDIERBASIN_2013_forestedhighsev.tif",2013,0.0199,"SOLDIERBASIN_2013"
"522","az3150310908920150617_HOG_2015_highsev.tif",2013,0.0136,"HOG_2015"
"523","az3163711164220130707_COYOTE_2013_forestedhighsev.tif",2013,0.0199,"COYOTE_2013"
"524","az3174011161020150602_SPRING_2015_highsev.tif",2013,0.0225,"SPRING_2015"
"525","az3339910989520130616_CREEK_2013_forestedhighsev.tif",2013,0.0059,"CREEK_2013"
"526","az3343510971420130513_PINESALT_2013_forestedhighsev.tif",2013,0.0096,"PINESALT_2013"
"527","az3350710993220150617_SAWMILL_2015_highsev.tif",2013,0.027,"SAWMILL_2015"
"528","az3357411024620150616_WHITETAIL_2015_highsev.tif",2013,0.0114,"WHITETAIL_2015"
"529","az3401111007620150828_PLAYGROUND_2015_highsev.tif",2013,0.0086,"PLAYGROUND_2015"
"530","az3422811279120130628_YARNELLHILL_2013_forestedhighsev.tif",2013,0.0174,"YARNELLHILL_2013"
"531","az3431611226820150802_SAHILL_2015_highsev.tif",2013,0.0126,"SAHILL_2015"
"532","az3449111148820150606_HORSETANK_2015_highsev.tif",2013,0.0127,"HORSETANK_2015"
"533","az3451711200120150702_UNNAMED_2015_highsev.tif",2013,0.0246,"UNNAMED_2015"
"534","az3453611088620150626_ALDER_2015_highsev.tif",2013,0.0226,"ALDER_2015"
"535","az3459511259620130618_DOCE_2013_forestedhighsev.tif",2013,0.0075,"DOCE_2013"
"536","az3491611139320150614_CAMILLO_2015_highsev.tif",2013,0.0182,"CAMILLO_2015"
"537","az3511911386220130629_DEANPEAK_2013_forestedhighsev.tif",2013,0.0168,"DEANPEAK_2013"
"538","az3542611187920150909_BULL_2015_highsev.tif",2013,0.0085,"BULL_2015"
"539","az3587911183020150731_ROCK_2015_highsev.tif",2013,0.0221,"ROCK_2015"
"540","az3587911195320150629_MASONJARCOMPLEX_2015_highsev.tif",2013,0.0162,"MASONJARCOMPLEX_2015"
"541","az3589811315620130801_PROSPECT_2013_forestedhighsev.tif",2013,0.0076,"PROSPECT_2013"
"542","az3591311201420130726_SKINNER_2013_forestedhighsev.tif",2013,0.0146,"SKINNER_2013"
"543","az3596311382420130701_BEAVER_2013_forestedhighsev.tif",2013,0.0202,"BEAVER_2013"
"544","az3628611317320150624_MOUNTEMMA_2015_highsev.tif",2013,0.0118,"MOUNTEMMA_2015"
"545","az3641611351820130702_DEWDROP_2013_forestedhighsev.tif",2013,0.0102,"DEWDROP_2013"
"546","nm3288810780920130607_SILVER_2013_forestedhighsev.tif",2013,0.0054,"SILVER_2013"
"547","nm3368910849720150616_PINON_2015_highsev.tif",2013,0.0181,"PINON_2015"
"548","nm3375610745620150615_REDCANYON_2015_highsev.tif",2013,0.0128,"REDCANYON_2015"
"549","nm3553810546220150606_COMMISSARY_2015_highsev.tif",2013,0.019,"COMMISSARY_2015"
"550","nm3571510568020130530_TRESLAGUNAS_2013_forestedhighsev.tif",2013,0.0055,"TRESLAGUNAS_2013"
"551","nm3589210662020130531_THOMPSONRIDGE_2013_forestedhighsev.tif",2013,0.0054,"THOMPSONRIDGE_2013"
"552","nm3591110572720130610_JAROSO_2013_forestedhighsev.tif",2013,0.0028,"JAROSO_2013"
"553","nm3635110502720130613_WHITESPEAK_2013_forestedhighsev.tif",2013,0.0106,"WHITESPEAK_2013"
"554","nm3699310709220150818_NAVAJORIVER_2015_highsev.tif",2013,0.0077,"NAVAJORIVER_2015"
"555","az3269411028920140617_OAK_2014_forestedhighsev.tif",2014,0.0101,"OAK_2014"
"556","az3330610975220140517_BARLOW_2014_forestedhighsev.tif",2014,0.0095,"BARLOW_2014"
"557","az3341710997520140419_SKUNK_2014_forestedhighsev.tif",2014,0.0098,"SKUNK_2014"
"558","az3350010980820140523_BLACKRIVERTANK_2014_forestedhighsev.tif",2014,0.012,"BLACKRIVERTANK_2014"
"559","az3406011035120140617_DEHOSE_2014_forestedhighsev.tif",2014,0.0204,"DEHOSE_2014"
"560","az3413810967520140626_SANJUAN_2014_forestedhighsev.tif",2014,0.0089,"SANJUAN_2014"
"561","az3448811122620140705_GENERAL_2014_forestedhighsev.tif",2014,0.017,"GENERAL_2014"
"562","az3475611106120140614_JACK_2014_forestedhighsev.tif",2014,0.0074,"JACK_2014"
"563","az3486011152620140706_BARM_2014_forestedhighsev.tif",2014,0.0164,"BARM_2014"
"564","az3495311175320140520_SLIDE_2014_forestedhighsev.tif",2014,0.0088,"SLIDE_2014"
"565","az3498711198720140711_WILLARD_2014_forestedhighsev.tif",2014,0.0155,"WILLARD_2014"
"566","az3532511198020140815_SITGREAVESFY14_2014_forestedhighsev.tif",2014,0.012,"SITGREAVESFY14_2014"
"567","az3588311194020140830_HAMMER_2014_forestedhighsev.tif",2014,0.0138,"HAMMER_2014"
"568","az3592011206820140704_MCRAE_2014_forestedhighsev.tif",2014,0.0266,"MCRAE_2014"
"569","az3593311195020140704_MCRAECOMPLEX_2014_forestedhighsev.tif",2014,0.0082,"MCRAECOMPLEX_2014"
"570","az3595311190420140826_BELKNAP_2014_forestedhighsev.tif",2014,0.0272,"BELKNAP_2014"
"571","az3628411223620140523_GALAHAD_2014_forestedhighsev.tif",2014,0.0162,"GALAHAD_2014"
"572","nm3293110814820140511_SIGNAL_2014_forestedhighsev.tif",2014,0.0134,"SIGNAL_2014"
"573","nm3411310842020140506_UNNAMED_2014_forestedhighsev.tif",2014,0.0122,"UNNAMED_2014"
"574","nm3574710658020140813_PINO_2014_forestedhighsev.tif",2014,0.0049,"PINO_2014"
"575","nm3599610892020140613_ASSAYIILAKE_2014_forestedhighsev.tif",2014,0.0063,"ASSAYIILAKE_2014"
"576","nm3607710673020140625_DIEGO_2014_forestedhighsev.tif",2014,0.0089,"DIEGO_2014"
"577","az3150310908920150617_HOG_2015_forestedhighsev.tif",2015,0.0185,"HOG_2015"
"578","az3350710993220150617_SAWMILL_2015_forestedhighsev.tif",2015,0.0276,"SAWMILL_2015"
"579","az3357411024620150616_WHITETAIL_2015_forestedhighsev.tif",2015,0.0105,"WHITETAIL_2015"
"580","az3401111007620150828_PLAYGROUND_2015_forestedhighsev.tif",2015,0.0208,"PLAYGROUND_2015"
"581","az3431611226820150802_SAHILL_2015_forestedhighsev.tif",2015,0.0212,"SAHILL_2015"
"582","az3449111148820150606_HORSETANK_2015_forestedhighsev.tif",2015,0.0127,"HORSETANK_2015"
"583","az3451711200120150702_UNNAMED_2015_forestedhighsev.tif",2015,0.0199,"UNNAMED_2015"
"584","az3453611088620150626_ALDER_2015_forestedhighsev.tif",2015,0.0228,"ALDER_2015"
"585","az3491611139320150614_CAMILLO_2015_forestedhighsev.tif",2015,0.0183,"CAMILLO_2015"
"586","az3542611187920150909_BULL_2015_forestedhighsev.tif",2015,0.0081,"BULL_2015"
"587","az3587911183020150731_ROCK_2015_forestedhighsev.tif",2015,0.0221,"ROCK_2015"
"588","az3587911195320150629_MASONJARCOMPLEX_2015_forestedhighsev.tif",2015,0.0165,"MASONJARCOMPLEX_2015"
"589","az3628611317320150624_MOUNTEMMA_2015_forestedhighsev.tif",2015,0.0127,"MOUNTEMMA_2015"
"590","nm3368910849720150616_PINON_2015_forestedhighsev.tif",2015,0.0151,"PINON_2015"
"591","nm3375610745620150615_REDCANYON_2015_forestedhighsev.tif",2015,0.0133,"REDCANYON_2015"
"592","nm3553810546220150606_COMMISSARY_2015_forestedhighsev.tif",2015,0.0193,"COMMISSARY_2015"
"593","nm3699310709220150818_NAVAJORIVER_2015_forestedhighsev.tif",2015,0.0093,"NAVAJORIVER_2015"
